2024/04/01T02:13:29,Randy,https://www.petsonic.fr/croquettes-orijen-original-pour-chiens-114kg-pack-economique-x2.html,137.75 €
2024/04/01T02:13:44,Garry,https://www.petsonic.fr/croquettes-orijen-senior-pour-chiens-114kg-pack-economique-x2.html,141.46 €
2024/04/01T14:55:52,Randy,https://www.petsonic.fr/croquettes-orijen-original-pour-chiens-114kg-pack-economique-x2.html,147.28 €
2024/04/01T14:56:11,Garry,https://www.petsonic.fr/croquettes-orijen-senior-pour-chiens-114kg-pack-economique-x2.html,152.57 €
2024/04/03T20:24:45,Randy,https://www.petsonic.fr/croquettes-orijen-original-pour-chiens-114kg-pack-economique-x2.html,147.28 €
2024/04/03T20:25:01,Garry,https://www.petsonic.fr/croquettes-orijen-senior-pour-chiens-114kg-pack-economique-x2.html,152.57 €
2024/04/06T00:07:17,Randy,https://www.petsonic.fr/croquettes-orijen-original-pour-chiens-114kg-pack-economique-x2.html,153.06 €
2024/04/06T00:07:33,Garry,https://www.petsonic.fr/croquettes-orijen-senior-pour-chiens-114kg-pack-economique-x2.html,157.17 €
2024/04/07T12:25:24,Randy,https://www.petsonic.fr/croquettes-orijen-original-pour-chiens-114kg-pack-economique-x2.html,153.06 €
2024/04/07T12:25:40,Garry,https://www.petsonic.fr/croquettes-orijen-senior-pour-chiens-114kg-pack-economique-x2.html,157.17 €
2024/04/07T17:34:31,Randy,https://www.petsonic.fr/croquettes-orijen-original-pour-chiens-114kg-pack-economique-x2.html,137.75 €
2024/04/08T22:10:51,Randy,https://www.petsonic.fr/croquettes-orijen-original-pour-chiens-114kg-pack-economique-x2.html,137.75 €
2024/04/08T22:11:08,Garry,https://www.petsonic.fr/croquettes-orijen-senior-pour-chiens-114kg-pack-economique-x2.html,141.46 €
2024/04/10T08:28:35,Randy,https://www.petsonic.fr/croquettes-orijen-original-pour-chiens-114kg-pack-economique-x2.html,147.28 €
2024/04/10T08:28:56,Garry,https://www.petsonic.fr/croquettes-orijen-senior-pour-chiens-114kg-pack-economique-x2.html,152.57 €
2024/04/13T10:48:14,Randy,https://www.petsonic.fr/croquettes-orijen-original-pour-chiens-114kg-pack-economique-x2.html,153.06 €
2024/04/13T10:48:43,Garry,https://www.petsonic.fr/croquettes-orijen-senior-pour-chiens-114kg-pack-economique-x2.html,157.17 €
2024/04/14T18:48:34,Randy,https://www.petsonic.fr/croquettes-orijen-original-pour-chiens-114kg-pack-economique-x2.html,140.81 €
2024/04/14T18:48:49,Garry,https://www.petsonic.fr/croquettes-orijen-senior-pour-chiens-114kg-pack-economique-x2.html,144.60 €
2024/04/16T18:10:06,Randy,https://www.petsonic.fr/croquettes-orijen-original-pour-chiens-114kg-pack-economique-x2.html,150.55 €
2024/04/16T18:12:05,Garry,https://www.petsonic.fr/croquettes-orijen-senior-pour-chiens-114kg-pack-economique-x2.html,155.96 €
